{
    "0": 6.342293906810036,
    "1": 0.8330979284369114,
    "2": 0.8247975295694226,
    "3": 0.9296033622274757,
    "4": 0.819212962962963,
    "5": 0.8787088764742396,
    "6": 0.7447390572390572,
    "7": 3.4045214045214047,
    "8": 0.8623294346978557,
    "9": 7.6353829557713055,
    "10": 0.8243652457488936,
    "11": 1.5123931623931623,
    "12": 4.106759501015376,
    "13": 2.5658872575675185,
    "14": 0.7915897780014539,
    "15": 0.8936868686868686,
    "16": 0.8111856054094321,
    "17": 0.9345745032019542,
    "18": 0.924141532837185,
    "19": 0.9579104073622953,
    "20": 20.971851851851852,
    "21": 0.860913458614608,
    "22": 0.8557610929754564,
    "23": 0.9013689907672716,
    "24": 1.5792057117358322,
    "25": 0.8357539260833629,
    "26": 0.9102366255144033,
    "27": 0.8866340974570963,
    "28": 0.819212962962963,
    "29": 0.783311199645861,
    "30": 0.8623294346978557,
    "31": 0.4772114347357066,
    "32": 0.8020851039718965,
    "33": 0.9134081817008646,
    "34": 0.7802028218694885,
    "35": 0.8460940768633076,
    "36": 0.8497508854072874,
    "37": 0.7825317855168601,
    "38": 1.3151244890375324,
    "39": 2.656906906906907,
    "40": 0.8613849336740903,
    "41": 0.9034399132044164,
    "42": 0.8166608976577824,
    "43": 0.8111856054094321,
    "44": 3.013197105151128
}