{
    "validation_loss": 0.17689593136310577,
    "validation_accuracy": 0.9585942029953003,
    "validation_f1_score": 0.9588459134101868,
    "training_accuracy": 0.9713007211685181,
    "overfitting_gap": 0.012706518173217773,
    "total_epochs": 31,
    "best_epoch": 26,
    "best_validation_loss": 0.17714367806911469,
    "best_validation_accuracy": 0.9620752334594727
}