{
    "validation_loss": 0.23122383654117584,
    "validation_accuracy": 0.9286003112792969,
    "validation_f1_score": 0.9277158379554749,
    "training_accuracy": 0.8802216649055481,
    "overfitting_gap": -0.04837864637374878,
    "total_epochs": 3,
    "best_epoch": 3,
    "best_validation_loss": 0.23145881295204163,
    "best_validation_accuracy": 0.928499162197113
}