{
    "training_accuracy": [
        0.6351094841957092,
        0.8124866485595703,
        0.848023533821106,
        0.8665464520454407,
        0.8783119916915894,
        0.8843082189559937,
        0.8926548957824707,
        0.8975427150726318,
        0.9008947610855103,
        0.9051816463470459,
        0.9081330299377441,
        0.9106303453445435,
        0.9130876064300537,
        0.9141559600830078,
        0.9182425141334534,
        0.9170005321502686,
        0.9186832308769226,
        0.9200988411903381,
        0.9223023653030396,
        0.9246127009391785,
        0.8544204235076904,
        0.9180956482887268,
        0.9350961446762085,
        0.9441773295402527,
        0.9528445601463318,
        0.9572382569313049,
        0.9601629376411438,
        0.9635283350944519,
        0.9664262533187866,
        0.9684028029441833,
        0.9712339639663696,
        0.9719017148017883,
        0.9734107851982117,
        0.975734531879425,
        0.9763221144676208,
        0.9779113531112671,
        0.9792601466178894,
        0.9801415801048279,
        0.980381965637207,
        0.9801949858665466
    ],
    "validation_accuracy": [
        0.8479470014572144,
        0.879399299621582,
        0.892546534538269,
        0.900637149810791,
        0.9032666087150574,
        0.904682457447052,
        0.9124696850776672,
        0.9173746109008789,
        0.9217233061790466,
        0.9201051592826843,
        0.9216221570968628,
        0.9239987730979919,
        0.923442542552948,
        0.9269822239875793,
        0.9238976240158081,
        0.9326456189155579,
        0.9276901483535767,
        0.9268810749053955,
        0.930319607257843,
        0.9278923869132996,
        0.9291059970855713,
        0.9436690807342529,
        0.9463996887207031,
        0.9513046145439148,
        0.9542880058288574,
        0.9560073018074036,
        0.9569680690765381,
        0.959749162197113,
        0.9574231505393982,
        0.9618223905563354,
        0.9617718458175659,
        0.9618223905563354,
        0.9624292254447937,
        0.9607605338096619,
        0.9631876945495605,
        0.9650586843490601,
        0.9641484618186951,
        0.9635416865348816,
        0.9653114676475525,
        0.9643001556396484
    ],
    "training_loss": [
        1.2556607723236084,
        0.5687180757522583,
        0.4544469118118286,
        0.3978120684623718,
        0.3612405061721802,
        0.33890318870544434,
        0.313993901014328,
        0.2998303472995758,
        0.2883494198322296,
        0.2745802402496338,
        0.26364248991012573,
        0.2588646709918976,
        0.24791742861270905,
        0.24518266320228577,
        0.23745116591453552,
        0.2355753630399704,
        0.23045529425144196,
        0.22723983228206635,
        0.22231635451316833,
        0.21700161695480347,
        0.46059444546699524,
        0.23602190613746643,
        0.18612027168273926,
        0.15687762200832367,
        0.13603679835796356,
        0.11935798078775406,
        0.11158310621976852,
        0.1000332310795784,
        0.09255529940128326,
        0.08648142963647842,
        0.07845855504274368,
        0.07426050305366516,
        0.07032139599323273,
        0.06489916145801544,
        0.062164194881916046,
        0.05864021182060242,
        0.05470956489443779,
        0.052580855786800385,
        0.05223390460014343,
        0.0515139102935791
    ],
    "validation_loss": [
        0.4844617247581482,
        0.37633392214775085,
        0.33039361238479614,
        0.31083405017852783,
        0.29775872826576233,
        0.29024583101272583,
        0.2714647352695465,
        0.25797709822654724,
        0.25461485981941223,
        0.2526789903640747,
        0.24605649709701538,
        0.24333281815052032,
        0.24390801787376404,
        0.2342263162136078,
        0.2439311444759369,
        0.21650606393814087,
        0.24097834527492523,
        0.24224285781383514,
        0.23288652300834656,
        0.2374550998210907,
        0.24459943175315857,
        0.20354817807674408,
        0.19243957102298737,
        0.18630024790763855,
        0.1855718195438385,
        0.18768206238746643,
        0.18736420571804047,
        0.1787598431110382,
        0.19426196813583374,
        0.1732930988073349,
        0.1772506684064865,
        0.18320171535015106,
        0.18323452770709991,
        0.20502349734306335,
        0.19873180985450745,
        0.1952091008424759,
        0.19624550640583038,
        0.19427591562271118,
        0.18524006009101868,
        0.1990392953157425
    ],
    "training_f1": [
        0.5898256301879883,
        0.8110930323600769,
        0.8478543162345886,
        0.8654182553291321,
        0.8786920309066772,
        0.8840221166610718,
        0.8925374150276184,
        0.8973941802978516,
        0.9011112451553345,
        0.9056214690208435,
        0.9084629416465759,
        0.9108628034591675,
        0.913560152053833,
        0.9142498970031738,
        0.9184536933898926,
        0.91766756772995,
        0.9196150302886963,
        0.920447587966919,
        0.9228828549385071,
        0.9253351092338562,
        0.8553830981254578,
        0.9185531139373779,
        0.9355046153068542,
        0.9444068074226379,
        0.9524835348129272,
        0.9574259519577026,
        0.960135817527771,
        0.9635522961616516,
        0.9665157198905945,
        0.9683952927589417,
        0.9710062146186829,
        0.9719802737236023,
        0.9733496308326721,
        0.9758188128471375,
        0.9763336777687073,
        0.9779820442199707,
        0.9792683124542236,
        0.9801563620567322,
        0.9803736805915833,
        0.9802033305168152
    ],
    "validation_f1": [
        0.8287292122840881,
        0.8725751042366028,
        0.8885489106178284,
        0.8962996602058411,
        0.9002390503883362,
        0.9028239250183105,
        0.9103040099143982,
        0.9150470495223999,
        0.9190130829811096,
        0.9195287227630615,
        0.9206371903419495,
        0.921776533126831,
        0.9220654964447021,
        0.9250339865684509,
        0.922237753868103,
        0.932025671005249,
        0.9269631505012512,
        0.926523745059967,
        0.9294384121894836,
        0.9270066022872925,
        0.9282357692718506,
        0.9428626298904419,
        0.9460148215293884,
        0.9511488676071167,
        0.9542034864425659,
        0.9554716944694519,
        0.9571132063865662,
        0.9597601294517517,
        0.9576187133789062,
        0.9618745446205139,
        0.9621344208717346,
        0.9617376923561096,
        0.9624145030975342,
        0.9607852101325989,
        0.9631906747817993,
        0.9651327133178711,
        0.9643599987030029,
        0.9639238715171814,
        0.9652730822563171,
        0.964350163936615
    ]
}