{
    "training_accuracy": [
        0.6314502954483032,
        0.8116586804389954,
        0.8485042452812195,
        0.8680956363677979,
        0.878498911857605,
        0.8856169581413269,
        0.8929219841957092,
        0.8971688151359558,
        0.9019230604171753,
        0.9053018093109131,
        0.9065304398536682,
        0.9113114476203918,
        0.9123931527137756,
        0.9138087630271912,
        0.9181089997291565,
        0.9170939922332764,
        0.9190170764923096,
        0.9203392267227173,
        0.9228899478912354,
        0.9243723154067993,
        0.8534455299377441,
        0.9225828051567078,
        0.9379006624221802,
        0.9456196427345276,
        0.9532184600830078,
        0.9580795764923096,
        0.9618856906890869,
        0.9648504257202148,
        0.9672943353652954,
        0.9686298370361328,
        0.9713007211685181
    ],
    "validation_accuracy": [
        0.8433454632759094,
        0.8781856894493103,
        0.8935073018074036,
        0.9030137658119202,
        0.9108009934425354,
        0.9110032320022583,
        0.9155036211013794,
        0.9211670756340027,
        0.9220266938209534,
        0.9261731505393982,
        0.9265776872634888,
        0.9282463788986206,
        0.9270327687263489,
        0.9299150705337524,
        0.930319607257843,
        0.9275384545326233,
        0.93153315782547,
        0.9339097738265991,
        0.9322410821914673,
        0.936488687992096,
        0.9342637658119202,
        0.9448321461677551,
        0.9492819309234619,
        0.9491302371025085,
        0.9547936916351318,
        0.9585356116294861,
        0.958080530166626,
        0.9599009156227112,
        0.9584850072860718,
        0.9604065418243408,
        0.9620752334594727
    ],
    "training_loss": [
        1.2597931623458862,
        0.5751198530197144,
        0.45739588141441345,
        0.39580121636390686,
        0.3612270951271057,
        0.33660417795181274,
        0.3128080368041992,
        0.2975265085697174,
        0.285542368888855,
        0.27464231848716736,
        0.2685997784137726,
        0.2556467056274414,
        0.25133490562438965,
        0.24580928683280945,
        0.2363934963941574,
        0.2355479747056961,
        0.23005880415439606,
        0.22669260203838348,
        0.21993428468704224,
        0.21647949516773224,
        0.47021666169166565,
        0.22578193247318268,
        0.178354412317276,
        0.15391260385513306,
        0.13100123405456543,
        0.11518207937479019,
        0.10788948833942413,
        0.09635006636381149,
        0.08991874754428864,
        0.08425336331129074,
        0.07776712626218796
    ],
    "validation_loss": [
        0.4863777160644531,
        0.3756476640701294,
        0.33203259110450745,
        0.3071557581424713,
        0.28529825806617737,
        0.2763477563858032,
        0.27149632573127747,
        0.2549579441547394,
        0.25795552134513855,
        0.24828730523586273,
        0.24516575038433075,
        0.2343747466802597,
        0.25058475136756897,
        0.23964810371398926,
        0.23108741641044617,
        0.24048542976379395,
        0.23598766326904297,
        0.2253180891275406,
        0.23276428878307343,
        0.21737775206565857,
        0.23601065576076508,
        0.21852697432041168,
        0.20488029718399048,
        0.21018251776695251,
        0.19129115343093872,
        0.17714367806911469,
        0.1898738592863083,
        0.18231132626533508,
        0.1902746707201004,
        0.19269785284996033,
        0.1885102540254593
    ],
    "training_f1": [
        0.586263120174408,
        0.8096712827682495,
        0.8477322459220886,
        0.8680480718612671,
        0.8787396550178528,
        0.8859403133392334,
        0.8927052021026611,
        0.8980894684791565,
        0.9021583199501038,
        0.9055192470550537,
        0.906987726688385,
        0.911586582660675,
        0.9133235216140747,
        0.9146550297737122,
        0.9188021421432495,
        0.9176397919654846,
        0.9194748997688293,
        0.9207614660263062,
        0.9230656623840332,
        0.9244351387023926,
        0.8540310859680176,
        0.922667384147644,
        0.9382770657539368,
        0.9457307457923889,
        0.9533814787864685,
        0.9582176208496094,
        0.9618125557899475,
        0.9649990200996399,
        0.9675040245056152,
        0.968886137008667,
        0.9711340069770813
    ],
    "validation_f1": [
        0.8239715695381165,
        0.869929313659668,
        0.8877059817314148,
        0.8985794186592102,
        0.9083423614501953,
        0.9079111814498901,
        0.9137324094772339,
        0.9191497564315796,
        0.9203007221221924,
        0.9246137738227844,
        0.9244135022163391,
        0.9265860915184021,
        0.9257104396820068,
        0.9277446269989014,
        0.9286962151527405,
        0.9265716671943665,
        0.9302762150764465,
        0.9326714277267456,
        0.931909441947937,
        0.9351056218147278,
        0.9335671663284302,
        0.9439816474914551,
        0.9490792155265808,
        0.9490348696708679,
        0.954769492149353,
        0.9587793350219727,
        0.9577078819274902,
        0.9603062868118286,
        0.9584785103797913,
        0.9605327844619751,
        0.9622807502746582
    ]
}