{
    "training_accuracy": [
        0.7160390019416809,
        0.796541154384613,
        0.8802216649055481
    ],
    "validation_accuracy": [
        0.8509809970855713,
        0.9057443141937256,
        0.928499162197113
    ],
    "training_loss": [
        0.9155822396278381,
        0.6397687196731567,
        0.3592759072780609
    ],
    "validation_loss": [
        0.4774124026298523,
        0.3057717978954315,
        0.23145881295204163
    ],
    "training_f1": [
        0.694212019443512,
        0.7879548668861389,
        0.879758358001709
    ],
    "validation_f1": [
        0.8394070267677307,
        0.9010005593299866,
        0.9276282787322998
    ]
}