epoch,accuracy,f1_score,learning_rate,loss,val_accuracy,val_f1_score,val_loss
0,0.796541154384613,0.7879548668861389,9.999999747378752e-06,0.6397687196731567,0.9057443141937256,0.9010005593299866,0.3057717978954315
1,0.8802216649055481,0.879758358001709,9.999999747378752e-06,0.3592759072780609,0.928499162197113,0.9276282787322998,0.23145881295204163
