{
    "overall_metrics": {
        "accuracy": 0.9618224110032363,
        "precision_weighted": 0.9652434560902936,
        "recall_weighted": 0.9618224110032363,
        "f1_score_weighted": 0.9607239364552704,
        "precision_macro": 0.9544455448985391,
        "recall_macro": 0.9563140673987236,
        "f1_score_macro": 0.9516292372582931,
        "micro_auc": 0.9992814722700587,
        "macro_auc": 0.9991773026021151
    },
    "dataset_info": {
        "total_samples": 19776,
        "correct_predictions": 19021,
        "incorrect_predictions": 755,
        "error_rate": 0.03817758899676375,
        "num_classes": 45
    },
    "class_performance": {
        "Apple__Apple_scab": {
            "accuracy": 0.9900793650793651,
            "precision": 0.9920477137176938,
            "recall": 0.9900793650793651,
            "f1_score": 0.9910625620655412,
            "support": 504,
            "auc": 0.9999956759374569
        },
        "Apple__Black_rot": {
            "accuracy": 1.0,
            "precision": 0.9900398406374502,
            "recall": 1.0,
            "f1_score": 0.994994994994995,
            "support": 497,
            "auc": 1.0
        },
        "Apple__Cedar_apple_rust": {
            "accuracy": 0.9931818181818182,
            "precision": 1.0,
            "recall": 0.9931818181818182,
            "f1_score": 0.9965792474344356,
            "support": 440,
            "auc": 1.0
        },
        "Apple__healthy": {
            "accuracy": 0.9940239043824701,
            "precision": 0.9920477137176938,
            "recall": 0.9940239043824701,
            "f1_score": 0.9930348258706467,
            "support": 502,
            "auc": 0.9999963826338312
        },
        "Banana__Healthy_Leaf": {
            "accuracy": 0.9789156626506024,
            "precision": 0.9969325153374233,
            "recall": 0.9789156626506024,
            "f1_score": 0.9878419452887538,
            "support": 332,
            "auc": 0.9999891563786518
        },
        "Banana__Panama_Disease": {
            "accuracy": 1.0,
            "precision": 0.625,
            "recall": 1.0,
            "f1_score": 0.7692307692307693,
            "support": 80,
            "auc": 0.9998324532900081
        },
        "Banana__Sigatoka_Disease": {
            "accuracy": 0.9017632241813602,
            "precision": 0.9972144846796658,
            "recall": 0.9017632241813602,
            "f1_score": 0.9470899470899471,
            "support": 397,
            "auc": 0.9999409888628827
        },
        "Cherry_(including_sour)__Powdery_mildew": {
            "accuracy": 0.9928741092636579,
            "precision": 0.9858490566037735,
            "recall": 0.9928741092636579,
            "f1_score": 0.9893491124260355,
            "support": 421,
            "auc": 0.9999936184221426
        },
        "Cherry_(including_sour)__healthy": {
            "accuracy": 1.0,
            "precision": 0.9891540130151844,
            "recall": 1.0,
            "f1_score": 0.9945474372955289,
            "support": 456,
            "auc": 1.0
        },
        "Coffee__NoRust": {
            "accuracy": 0.458128078817734,
            "precision": 0.9117647058823529,
            "recall": 0.458128078817734,
            "f1_score": 0.6098360655737705,
            "support": 406,
            "auc": 0.9857516702228575
        },
        "Coffee__Rust": {
            "accuracy": 0.989413680781759,
            "precision": 0.846100278551532,
            "recall": 0.989413680781759,
            "f1_score": 0.9121621621621622,
            "support": 1228,
            "auc": 0.9952541701819171
        },
        "Corn_(maize)__Cercospora_leaf_spot Gray_leaf_spot": {
            "accuracy": 0.9341463414634147,
            "precision": 0.9671717171717171,
            "recall": 0.9341463414634147,
            "f1_score": 0.9503722084367245,
            "support": 410,
            "auc": 0.9997829991209135
        },
        "Corn_(maize)__Common_rust_": {
            "accuracy": 1.0,
            "precision": 0.997907949790795,
            "recall": 1.0,
            "f1_score": 0.9989528795811519,
            "support": 477,
            "auc": 1.0
        },
        "Corn_(maize)__Northern_Leaf_Blight": {
            "accuracy": 0.9727463312368972,
            "precision": 0.9469387755102041,
            "recall": 0.9727463312368972,
            "f1_score": 0.9596690796277145,
            "support": 477,
            "auc": 0.9998234774550294
        },
        "Corn_(maize)__healthy": {
            "accuracy": 0.9978494623655914,
            "precision": 1.0,
            "recall": 0.9978494623655914,
            "f1_score": 0.9989235737351991,
            "support": 465,
            "auc": 0.9999998886366509
        },
        "Grape__Black_rot": {
            "accuracy": 0.9978813559322034,
            "precision": 0.991578947368421,
            "recall": 0.9978813559322034,
            "f1_score": 0.9947201689545935,
            "support": 472,
            "auc": 0.9999981342235209
        },
        "Grape__Esca_(Black_Measles)": {
            "accuracy": 0.9916666666666667,
            "precision": 0.9979035639412998,
            "recall": 0.9916666666666667,
            "f1_score": 0.9947753396029259,
            "support": 480,
            "auc": 0.9999981645591487
        },
        "Grape__Leaf_blight_(Isariopsis_Leaf_Spot)": {
            "accuracy": 1.0,
            "precision": 1.0,
            "recall": 1.0,
            "f1_score": 1.0,
            "support": 430,
            "auc": 1.0
        },
        "Grape__healthy": {
            "accuracy": 1.0,
            "precision": 1.0,
            "recall": 1.0,
            "f1_score": 1.0,
            "support": 423,
            "auc": 0.9999999999999999
        },
        "Mango__Anthracnose": {
            "accuracy": 0.9023722627737226,
            "precision": 0.9909819639278558,
            "recall": 0.9023722627737226,
            "f1_score": 0.944603629417383,
            "support": 1096,
            "auc": 0.9914753278419481
        },
        "Mango__Healthy": {
            "accuracy": 0.9487179487179487,
            "precision": 0.958273381294964,
            "recall": 0.9487179487179487,
            "f1_score": 0.9534717251252685,
            "support": 702,
            "auc": 0.9964693664232305
        },
        "Mango__Powdery_Mildew": {
            "accuracy": 0.9577039274924471,
            "precision": 1.0,
            "recall": 0.9577039274924471,
            "f1_score": 0.9783950617283951,
            "support": 331,
            "auc": 0.9999863275378148
        },
        "Orange__Haunglongbing_(Citrus_greening)": {
            "accuracy": 1.0,
            "precision": 1.0,
            "recall": 1.0,
            "f1_score": 1.0,
            "support": 503,
            "auc": 1.0
        },
        "Peach__Bacterial_spot": {
            "accuracy": 0.9934640522875817,
            "precision": 0.9978118161925602,
            "recall": 0.9934640522875817,
            "f1_score": 0.9956331877729258,
            "support": 459,
            "auc": 0.9999988721596328
        },
        "Peach__healthy": {
            "accuracy": 0.9976851851851852,
            "precision": 0.9410480349344978,
            "recall": 0.9976851851851852,
            "f1_score": 0.9685393258426966,
            "support": 432,
            "auc": 0.9999842041172686
        },
        "Potato__Early_blight": {
            "accuracy": 0.9958762886597938,
            "precision": 0.9979338842975206,
            "recall": 0.9958762886597938,
            "f1_score": 0.9969040247678018,
            "support": 485,
            "auc": 0.9999994655912938
        },
        "Potato__Late_blight": {
            "accuracy": 0.977319587628866,
            "precision": 0.9937106918238994,
            "recall": 0.977319587628866,
            "f1_score": 0.9854469854469855,
            "support": 485,